img,cls
database\Bandung\image_0.png,database\Bandung
database\Bandung\image_1.png,database\Bandung
database\Bandung\image_10.png,database\Bandung
database\Bandung\image_100.png,database\Bandung
database\Bandung\image_101.png,database\Bandung
database\Bandung\image_102.png,database\Bandung
database\Bandung\image_103.png,database\Bandung
database\Bandung\image_104.png,database\Bandung
database\Bandung\image_105.png,database\Bandung
database\Bandung\image_106.png,database\Bandung
database\Bandung\image_107.png,database\Bandung
database\Bandung\image_108.png,database\Bandung
database\Bandung\image_109.png,database\Bandung
database\Bandung\image_11.png,database\Bandung
database\Bandung\image_110.png,database\Bandung
database\Bandung\image_111.png,database\Bandung
database\Bandung\image_112.png,database\Bandung
database\Bandung\image_113.png,database\Bandung
database\Bandung\image_114.png,database\Bandung
database\Bandung\image_115.png,database\Bandung
database\Bandung\image_116.png,database\Bandung
database\Bandung\image_117.png,database\Bandung
database\Bandung\image_118.png,database\Bandung
database\Bandung\image_119.png,database\Bandung
database\Bandung\image_12.png,database\Bandung
database\Bandung\image_120.png,database\Bandung
database\Bandung\image_121.png,database\Bandung
database\Bandung\image_122.png,database\Bandung
database\Bandung\image_123.png,database\Bandung
database\Bandung\image_124.png,database\Bandung
database\Bandung\image_125.png,database\Bandung
database\Bandung\image_126.png,database\Bandung
database\Bandung\image_127.png,database\Bandung
database\Bandung\image_128.png,database\Bandung
database\Bandung\image_129.png,database\Bandung
database\Bandung\image_13.png,database\Bandung
database\Bandung\image_130.png,database\Bandung
database\Bandung\image_131.png,database\Bandung
database\Bandung\image_132.png,database\Bandung
database\Bandung\image_133.png,database\Bandung
database\Bandung\image_134.png,database\Bandung
database\Bandung\image_135.png,database\Bandung
database\Bandung\image_136.png,database\Bandung
database\Bandung\image_137.png,database\Bandung
database\Bandung\image_138.png,database\Bandung
database\Bandung\image_139.png,database\Bandung
database\Bandung\image_14.png,database\Bandung
database\Bandung\image_140.png,database\Bandung
database\Bandung\image_141.png,database\Bandung
database\Bandung\image_142.png,database\Bandung
database\Bandung\image_143.png,database\Bandung
database\Bandung\image_144.png,database\Bandung
database\Bandung\image_145.png,database\Bandung
database\Bandung\image_146.png,database\Bandung
database\Bandung\image_147.png,database\Bandung
database\Bandung\image_148.png,database\Bandung
database\Bandung\image_149.png,database\Bandung
database\Bandung\image_15.png,database\Bandung
database\Bandung\image_150.png,database\Bandung
database\Bandung\image_151.png,database\Bandung
database\Bandung\image_152.png,database\Bandung
database\Bandung\image_153.png,database\Bandung
database\Bandung\image_154.png,database\Bandung
database\Bandung\image_155.png,database\Bandung
database\Bandung\image_156.png,database\Bandung
database\Bandung\image_157.png,database\Bandung
database\Bandung\image_158.png,database\Bandung
database\Bandung\image_159.png,database\Bandung
database\Bandung\image_16.png,database\Bandung
database\Bandung\image_160.png,database\Bandung
database\Bandung\image_161.png,database\Bandung
database\Bandung\image_162.png,database\Bandung
database\Bandung\image_163.png,database\Bandung
database\Bandung\image_164.png,database\Bandung
database\Bandung\image_165.png,database\Bandung
database\Bandung\image_166.png,database\Bandung
database\Bandung\image_167.png,database\Bandung
database\Bandung\image_168.png,database\Bandung
database\Bandung\image_169.png,database\Bandung
database\Bandung\image_17.png,database\Bandung
database\Bandung\image_170.png,database\Bandung
database\Bandung\image_171.png,database\Bandung
database\Bandung\image_172.png,database\Bandung
database\Bandung\image_173.png,database\Bandung
database\Bandung\image_174.png,database\Bandung
database\Bandung\image_175.png,database\Bandung
database\Bandung\image_176.png,database\Bandung
database\Bandung\image_177.png,database\Bandung
database\Bandung\image_178.png,database\Bandung
database\Bandung\image_179.png,database\Bandung
database\Bandung\image_18.png,database\Bandung
database\Bandung\image_180.png,database\Bandung
database\Bandung\image_181.png,database\Bandung
database\Bandung\image_182.png,database\Bandung
database\Bandung\image_183.png,database\Bandung
database\Bandung\image_184.png,database\Bandung
database\Bandung\image_185.png,database\Bandung
database\Bandung\image_186.png,database\Bandung
database\Bandung\image_187.png,database\Bandung
database\Bandung\image_188.png,database\Bandung
database\Bandung\image_189.png,database\Bandung
database\Bandung\image_19.png,database\Bandung
database\Bandung\image_190.png,database\Bandung
database\Bandung\image_191.png,database\Bandung
database\Bandung\image_192.png,database\Bandung
database\Bandung\image_193.png,database\Bandung
database\Bandung\image_194.png,database\Bandung
database\Bandung\image_195.png,database\Bandung
database\Bandung\image_196.png,database\Bandung
database\Bandung\image_197.png,database\Bandung
database\Bandung\image_198.png,database\Bandung
database\Bandung\image_199.png,database\Bandung
database\Bandung\image_2.png,database\Bandung
database\Bandung\image_20.png,database\Bandung
database\Bandung\image_200.png,database\Bandung
database\Bandung\image_201.png,database\Bandung
database\Bandung\image_202.png,database\Bandung
database\Bandung\image_203.png,database\Bandung
database\Bandung\image_204.png,database\Bandung
database\Bandung\image_205.png,database\Bandung
database\Bandung\image_206.png,database\Bandung
database\Bandung\image_207.png,database\Bandung
database\Bandung\image_208.png,database\Bandung
database\Bandung\image_209.png,database\Bandung
database\Bandung\image_21.png,database\Bandung
database\Bandung\image_210.png,database\Bandung
database\Bandung\image_211.png,database\Bandung
database\Bandung\image_212.png,database\Bandung
database\Bandung\image_213.png,database\Bandung
database\Bandung\image_214.png,database\Bandung
database\Bandung\image_215.png,database\Bandung
database\Bandung\image_216.png,database\Bandung
database\Bandung\image_217.png,database\Bandung
database\Bandung\image_218.png,database\Bandung
database\Bandung\image_219.png,database\Bandung
database\Bandung\image_22.png,database\Bandung
database\Bandung\image_220.png,database\Bandung
database\Bandung\image_221.png,database\Bandung
database\Bandung\image_222.png,database\Bandung
database\Bandung\image_223.png,database\Bandung
database\Bandung\image_224.png,database\Bandung
database\Bandung\image_225.png,database\Bandung
database\Bandung\image_226.png,database\Bandung
database\Bandung\image_227.png,database\Bandung
database\Bandung\image_228.png,database\Bandung
database\Bandung\image_229.png,database\Bandung
database\Bandung\image_23.png,database\Bandung
database\Bandung\image_230.png,database\Bandung
database\Bandung\image_231.png,database\Bandung
database\Bandung\image_232.png,database\Bandung
database\Bandung\image_233.png,database\Bandung
database\Bandung\image_234.png,database\Bandung
database\Bandung\image_235.png,database\Bandung
database\Bandung\image_236.png,database\Bandung
database\Bandung\image_237.png,database\Bandung
database\Bandung\image_238.png,database\Bandung
database\Bandung\image_239.png,database\Bandung
database\Bandung\image_24.png,database\Bandung
database\Bandung\image_240.png,database\Bandung
database\Bandung\image_241.png,database\Bandung
database\Bandung\image_242.png,database\Bandung
database\Bandung\image_243.png,database\Bandung
database\Bandung\image_244.png,database\Bandung
database\Bandung\image_245.png,database\Bandung
database\Bandung\image_246.png,database\Bandung
database\Bandung\image_247.png,database\Bandung
database\Bandung\image_248.png,database\Bandung
database\Bandung\image_249.png,database\Bandung
database\Bandung\image_25.png,database\Bandung
database\Bandung\image_26.png,database\Bandung
database\Bandung\image_27.png,database\Bandung
database\Bandung\image_28.png,database\Bandung
database\Bandung\image_29.png,database\Bandung
database\Bandung\image_3.png,database\Bandung
database\Bandung\image_30.png,database\Bandung
database\Bandung\image_31.png,database\Bandung
database\Bandung\image_32.png,database\Bandung
database\Bandung\image_33.png,database\Bandung
database\Bandung\image_34.png,database\Bandung
database\Bandung\image_35.png,database\Bandung
database\Bandung\image_36.png,database\Bandung
database\Bandung\image_37.png,database\Bandung
database\Bandung\image_38.png,database\Bandung
database\Bandung\image_39.png,database\Bandung
database\Bandung\image_4.png,database\Bandung
database\Bandung\image_40.png,database\Bandung
database\Bandung\image_41.png,database\Bandung
database\Bandung\image_42.png,database\Bandung
database\Bandung\image_43.png,database\Bandung
database\Bandung\image_44.png,database\Bandung
database\Bandung\image_45.png,database\Bandung
database\Bandung\image_46.png,database\Bandung
database\Bandung\image_47.png,database\Bandung
database\Bandung\image_48.png,database\Bandung
database\Bandung\image_49.png,database\Bandung
database\Bandung\image_5.png,database\Bandung
database\Bandung\image_50.png,database\Bandung
database\Bandung\image_51.png,database\Bandung
database\Bandung\image_52.png,database\Bandung
database\Bandung\image_53.png,database\Bandung
database\Bandung\image_54.png,database\Bandung
database\Bandung\image_55.png,database\Bandung
database\Bandung\image_56.png,database\Bandung
database\Bandung\image_57.png,database\Bandung
database\Bandung\image_58.png,database\Bandung
database\Bandung\image_59.png,database\Bandung
database\Bandung\image_6.png,database\Bandung
database\Bandung\image_60.png,database\Bandung
database\Bandung\image_61.png,database\Bandung
database\Bandung\image_62.png,database\Bandung
database\Bandung\image_63.png,database\Bandung
database\Bandung\image_64.png,database\Bandung
database\Bandung\image_65.png,database\Bandung
database\Bandung\image_66.png,database\Bandung
database\Bandung\image_67.png,database\Bandung
database\Bandung\image_68.png,database\Bandung
database\Bandung\image_69.png,database\Bandung
database\Bandung\image_7.png,database\Bandung
database\Bandung\image_70.png,database\Bandung
database\Bandung\image_71.png,database\Bandung
database\Bandung\image_72.png,database\Bandung
database\Bandung\image_73.png,database\Bandung
database\Bandung\image_74.png,database\Bandung
database\Bandung\image_75.png,database\Bandung
database\Bandung\image_76.png,database\Bandung
database\Bandung\image_77.png,database\Bandung
database\Bandung\image_78.png,database\Bandung
database\Bandung\image_79.png,database\Bandung
database\Bandung\image_8.png,database\Bandung
database\Bandung\image_80.png,database\Bandung
database\Bandung\image_81.png,database\Bandung
database\Bandung\image_82.png,database\Bandung
database\Bandung\image_83.png,database\Bandung
database\Bandung\image_84.png,database\Bandung
database\Bandung\image_85.png,database\Bandung
database\Bandung\image_86.png,database\Bandung
database\Bandung\image_87.png,database\Bandung
database\Bandung\image_88.png,database\Bandung
database\Bandung\image_89.png,database\Bandung
database\Bandung\image_9.png,database\Bandung
database\Bandung\image_90.png,database\Bandung
database\Bandung\image_91.png,database\Bandung
database\Bandung\image_92.png,database\Bandung
database\Bandung\image_93.png,database\Bandung
database\Bandung\image_94.png,database\Bandung
database\Bandung\image_95.png,database\Bandung
database\Bandung\image_96.png,database\Bandung
database\Bandung\image_97.png,database\Bandung
database\Bandung\image_98.png,database\Bandung
database\Bandung\image_99.png,database\Bandung
database\Kopi O\image_0.png,database\Kopi O
database\Kopi O\image_1.png,database\Kopi O
database\Kopi O\image_10.png,database\Kopi O
database\Kopi O\image_100.png,database\Kopi O
database\Kopi O\image_101.png,database\Kopi O
database\Kopi O\image_102.png,database\Kopi O
database\Kopi O\image_103.png,database\Kopi O
database\Kopi O\image_104.png,database\Kopi O
database\Kopi O\image_105.png,database\Kopi O
database\Kopi O\image_106.png,database\Kopi O
database\Kopi O\image_107.png,database\Kopi O
database\Kopi O\image_108.png,database\Kopi O
database\Kopi O\image_109.png,database\Kopi O
database\Kopi O\image_11.png,database\Kopi O
database\Kopi O\image_110.png,database\Kopi O
database\Kopi O\image_111.png,database\Kopi O
database\Kopi O\image_112.png,database\Kopi O
database\Kopi O\image_113.png,database\Kopi O
database\Kopi O\image_114.png,database\Kopi O
database\Kopi O\image_115.png,database\Kopi O
database\Kopi O\image_116.png,database\Kopi O
database\Kopi O\image_117.png,database\Kopi O
database\Kopi O\image_118.png,database\Kopi O
database\Kopi O\image_119.png,database\Kopi O
database\Kopi O\image_12.png,database\Kopi O
database\Kopi O\image_120.png,database\Kopi O
database\Kopi O\image_121.png,database\Kopi O
database\Kopi O\image_122.png,database\Kopi O
database\Kopi O\image_123.png,database\Kopi O
database\Kopi O\image_124.png,database\Kopi O
database\Kopi O\image_125.png,database\Kopi O
database\Kopi O\image_126.png,database\Kopi O
database\Kopi O\image_127.png,database\Kopi O
database\Kopi O\image_128.png,database\Kopi O
database\Kopi O\image_129.png,database\Kopi O
database\Kopi O\image_13.png,database\Kopi O
database\Kopi O\image_130.png,database\Kopi O
database\Kopi O\image_131.png,database\Kopi O
database\Kopi O\image_132.png,database\Kopi O
database\Kopi O\image_133.png,database\Kopi O
database\Kopi O\image_134.png,database\Kopi O
database\Kopi O\image_135.png,database\Kopi O
database\Kopi O\image_136.png,database\Kopi O
database\Kopi O\image_137.png,database\Kopi O
database\Kopi O\image_138.png,database\Kopi O
database\Kopi O\image_139.png,database\Kopi O
database\Kopi O\image_14.png,database\Kopi O
database\Kopi O\image_140.png,database\Kopi O
database\Kopi O\image_141.png,database\Kopi O
database\Kopi O\image_142.png,database\Kopi O
database\Kopi O\image_143.png,database\Kopi O
database\Kopi O\image_144.png,database\Kopi O
database\Kopi O\image_145.png,database\Kopi O
database\Kopi O\image_146.png,database\Kopi O
database\Kopi O\image_147.png,database\Kopi O
database\Kopi O\image_148.png,database\Kopi O
database\Kopi O\image_149.png,database\Kopi O
database\Kopi O\image_15.png,database\Kopi O
database\Kopi O\image_150.png,database\Kopi O
database\Kopi O\image_151.png,database\Kopi O
database\Kopi O\image_152.png,database\Kopi O
database\Kopi O\image_153.png,database\Kopi O
database\Kopi O\image_154.png,database\Kopi O
database\Kopi O\image_155.png,database\Kopi O
database\Kopi O\image_156.png,database\Kopi O
database\Kopi O\image_157.png,database\Kopi O
database\Kopi O\image_158.png,database\Kopi O
database\Kopi O\image_159.png,database\Kopi O
database\Kopi O\image_16.png,database\Kopi O
database\Kopi O\image_160.png,database\Kopi O
database\Kopi O\image_161.png,database\Kopi O
database\Kopi O\image_162.png,database\Kopi O
database\Kopi O\image_163.png,database\Kopi O
database\Kopi O\image_164.png,database\Kopi O
database\Kopi O\image_165.png,database\Kopi O
database\Kopi O\image_166.png,database\Kopi O
database\Kopi O\image_167.png,database\Kopi O
database\Kopi O\image_168.png,database\Kopi O
database\Kopi O\image_169.png,database\Kopi O
database\Kopi O\image_17.png,database\Kopi O
database\Kopi O\image_170.png,database\Kopi O
database\Kopi O\image_171.png,database\Kopi O
database\Kopi O\image_172.png,database\Kopi O
database\Kopi O\image_173.png,database\Kopi O
database\Kopi O\image_174.png,database\Kopi O
database\Kopi O\image_175.png,database\Kopi O
database\Kopi O\image_176.png,database\Kopi O
database\Kopi O\image_177.png,database\Kopi O
database\Kopi O\image_178.png,database\Kopi O
database\Kopi O\image_179.png,database\Kopi O
database\Kopi O\image_18.png,database\Kopi O
database\Kopi O\image_180.png,database\Kopi O
database\Kopi O\image_181.png,database\Kopi O
database\Kopi O\image_182.png,database\Kopi O
database\Kopi O\image_183.png,database\Kopi O
database\Kopi O\image_184.png,database\Kopi O
database\Kopi O\image_185.png,database\Kopi O
database\Kopi O\image_186.png,database\Kopi O
database\Kopi O\image_187.png,database\Kopi O
database\Kopi O\image_188.png,database\Kopi O
database\Kopi O\image_189.png,database\Kopi O
database\Kopi O\image_19.png,database\Kopi O
database\Kopi O\image_190.png,database\Kopi O
database\Kopi O\image_191.png,database\Kopi O
database\Kopi O\image_192.png,database\Kopi O
database\Kopi O\image_193.png,database\Kopi O
database\Kopi O\image_194.png,database\Kopi O
database\Kopi O\image_195.png,database\Kopi O
database\Kopi O\image_196.png,database\Kopi O
database\Kopi O\image_197.png,database\Kopi O
database\Kopi O\image_198.png,database\Kopi O
database\Kopi O\image_199.png,database\Kopi O
database\Kopi O\image_2.png,database\Kopi O
database\Kopi O\image_20.png,database\Kopi O
database\Kopi O\image_200.png,database\Kopi O
database\Kopi O\image_201.png,database\Kopi O
database\Kopi O\image_202.png,database\Kopi O
database\Kopi O\image_203.png,database\Kopi O
database\Kopi O\image_204.png,database\Kopi O
database\Kopi O\image_205.png,database\Kopi O
database\Kopi O\image_206.png,database\Kopi O
database\Kopi O\image_207.png,database\Kopi O
database\Kopi O\image_208.png,database\Kopi O
database\Kopi O\image_209.png,database\Kopi O
database\Kopi O\image_21.png,database\Kopi O
database\Kopi O\image_210.png,database\Kopi O
database\Kopi O\image_211.png,database\Kopi O
database\Kopi O\image_212.png,database\Kopi O
database\Kopi O\image_213.png,database\Kopi O
database\Kopi O\image_214.png,database\Kopi O
database\Kopi O\image_215.png,database\Kopi O
database\Kopi O\image_216.png,database\Kopi O
database\Kopi O\image_217.png,database\Kopi O
database\Kopi O\image_218.png,database\Kopi O
database\Kopi O\image_219.png,database\Kopi O
database\Kopi O\image_22.png,database\Kopi O
database\Kopi O\image_220.png,database\Kopi O
database\Kopi O\image_221.png,database\Kopi O
database\Kopi O\image_222.png,database\Kopi O
database\Kopi O\image_223.png,database\Kopi O
database\Kopi O\image_224.png,database\Kopi O
database\Kopi O\image_225.png,database\Kopi O
database\Kopi O\image_226.png,database\Kopi O
database\Kopi O\image_227.png,database\Kopi O
database\Kopi O\image_228.png,database\Kopi O
database\Kopi O\image_229.png,database\Kopi O
database\Kopi O\image_23.png,database\Kopi O
database\Kopi O\image_230.png,database\Kopi O
database\Kopi O\image_231.png,database\Kopi O
database\Kopi O\image_232.png,database\Kopi O
database\Kopi O\image_233.png,database\Kopi O
database\Kopi O\image_234.png,database\Kopi O
database\Kopi O\image_235.png,database\Kopi O
database\Kopi O\image_236.png,database\Kopi O
database\Kopi O\image_237.png,database\Kopi O
database\Kopi O\image_238.png,database\Kopi O
database\Kopi O\image_239.png,database\Kopi O
database\Kopi O\image_24.png,database\Kopi O
database\Kopi O\image_240.png,database\Kopi O
database\Kopi O\image_241.png,database\Kopi O
database\Kopi O\image_242.png,database\Kopi O
database\Kopi O\image_243.png,database\Kopi O
database\Kopi O\image_244.png,database\Kopi O
database\Kopi O\image_245.png,database\Kopi O
database\Kopi O\image_246.png,database\Kopi O
database\Kopi O\image_247.png,database\Kopi O
database\Kopi O\image_248.png,database\Kopi O
database\Kopi O\image_249.png,database\Kopi O
database\Kopi O\image_25.png,database\Kopi O
database\Kopi O\image_26.png,database\Kopi O
database\Kopi O\image_27.png,database\Kopi O
database\Kopi O\image_28.png,database\Kopi O
database\Kopi O\image_29.png,database\Kopi O
database\Kopi O\image_3.png,database\Kopi O
database\Kopi O\image_30.png,database\Kopi O
database\Kopi O\image_31.png,database\Kopi O
database\Kopi O\image_32.png,database\Kopi O
database\Kopi O\image_33.png,database\Kopi O
database\Kopi O\image_34.png,database\Kopi O
database\Kopi O\image_35.png,database\Kopi O
database\Kopi O\image_36.png,database\Kopi O
database\Kopi O\image_37.png,database\Kopi O
database\Kopi O\image_38.png,database\Kopi O
database\Kopi O\image_39.png,database\Kopi O
database\Kopi O\image_4.png,database\Kopi O
database\Kopi O\image_40.png,database\Kopi O
database\Kopi O\image_41.png,database\Kopi O
database\Kopi O\image_42.png,database\Kopi O
database\Kopi O\image_43.png,database\Kopi O
database\Kopi O\image_44.png,database\Kopi O
database\Kopi O\image_45.png,database\Kopi O
database\Kopi O\image_46.png,database\Kopi O
database\Kopi O\image_47.png,database\Kopi O
database\Kopi O\image_48.png,database\Kopi O
database\Kopi O\image_49.png,database\Kopi O
database\Kopi O\image_5.png,database\Kopi O
database\Kopi O\image_50.png,database\Kopi O
database\Kopi O\image_51.png,database\Kopi O
database\Kopi O\image_52.png,database\Kopi O
database\Kopi O\image_53.png,database\Kopi O
database\Kopi O\image_54.png,database\Kopi O
database\Kopi O\image_55.png,database\Kopi O
database\Kopi O\image_56.png,database\Kopi O
database\Kopi O\image_57.png,database\Kopi O
database\Kopi O\image_58.png,database\Kopi O
database\Kopi O\image_59.png,database\Kopi O
database\Kopi O\image_6.png,database\Kopi O
database\Kopi O\image_60.png,database\Kopi O
database\Kopi O\image_61.png,database\Kopi O
database\Kopi O\image_62.png,database\Kopi O
database\Kopi O\image_63.png,database\Kopi O
database\Kopi O\image_64.png,database\Kopi O
database\Kopi O\image_65.png,database\Kopi O
database\Kopi O\image_66.png,database\Kopi O
database\Kopi O\image_67.png,database\Kopi O
database\Kopi O\image_68.png,database\Kopi O
database\Kopi O\image_69.png,database\Kopi O
database\Kopi O\image_7.png,database\Kopi O
database\Kopi O\image_70.png,database\Kopi O
database\Kopi O\image_71.png,database\Kopi O
database\Kopi O\image_72.png,database\Kopi O
database\Kopi O\image_73.png,database\Kopi O
database\Kopi O\image_74.png,database\Kopi O
database\Kopi O\image_75.png,database\Kopi O
database\Kopi O\image_76.png,database\Kopi O
database\Kopi O\image_77.png,database\Kopi O
database\Kopi O\image_78.png,database\Kopi O
database\Kopi O\image_79.png,database\Kopi O
database\Kopi O\image_8.png,database\Kopi O
database\Kopi O\image_80.png,database\Kopi O
database\Kopi O\image_81.png,database\Kopi O
database\Kopi O\image_82.png,database\Kopi O
database\Kopi O\image_83.png,database\Kopi O
database\Kopi O\image_84.png,database\Kopi O
database\Kopi O\image_85.png,database\Kopi O
database\Kopi O\image_86.png,database\Kopi O
database\Kopi O\image_87.png,database\Kopi O
database\Kopi O\image_88.png,database\Kopi O
database\Kopi O\image_89.png,database\Kopi O
database\Kopi O\image_9.png,database\Kopi O
database\Kopi O\image_90.png,database\Kopi O
database\Kopi O\image_91.png,database\Kopi O
database\Kopi O\image_92.png,database\Kopi O
database\Kopi O\image_93.png,database\Kopi O
database\Kopi O\image_94.png,database\Kopi O
database\Kopi O\image_95.png,database\Kopi O
database\Kopi O\image_96.png,database\Kopi O
database\Kopi O\image_97.png,database\Kopi O
database\Kopi O\image_98.png,database\Kopi O
database\Kopi O\image_99.png,database\Kopi O
database\Limau\image_0.png,database\Limau
database\Limau\image_1.png,database\Limau
database\Limau\image_10.png,database\Limau
database\Limau\image_100.png,database\Limau
database\Limau\image_101.png,database\Limau
database\Limau\image_102.png,database\Limau
database\Limau\image_103.png,database\Limau
database\Limau\image_104.png,database\Limau
database\Limau\image_105.png,database\Limau
database\Limau\image_106.png,database\Limau
database\Limau\image_107.png,database\Limau
database\Limau\image_108.png,database\Limau
database\Limau\image_109.png,database\Limau
database\Limau\image_11.png,database\Limau
database\Limau\image_110.png,database\Limau
database\Limau\image_111.png,database\Limau
database\Limau\image_112.png,database\Limau
database\Limau\image_113.png,database\Limau
database\Limau\image_114.png,database\Limau
database\Limau\image_115.png,database\Limau
database\Limau\image_116.png,database\Limau
database\Limau\image_117.png,database\Limau
database\Limau\image_118.png,database\Limau
database\Limau\image_119.png,database\Limau
database\Limau\image_12.png,database\Limau
database\Limau\image_120.png,database\Limau
database\Limau\image_121.png,database\Limau
database\Limau\image_122.png,database\Limau
database\Limau\image_123.png,database\Limau
database\Limau\image_124.png,database\Limau
database\Limau\image_125.png,database\Limau
database\Limau\image_126.png,database\Limau
database\Limau\image_127.png,database\Limau
database\Limau\image_128.png,database\Limau
database\Limau\image_129.png,database\Limau
database\Limau\image_13.png,database\Limau
database\Limau\image_130.png,database\Limau
database\Limau\image_131.png,database\Limau
database\Limau\image_132.png,database\Limau
database\Limau\image_133.png,database\Limau
database\Limau\image_134.png,database\Limau
database\Limau\image_135.png,database\Limau
database\Limau\image_136.png,database\Limau
database\Limau\image_137.png,database\Limau
database\Limau\image_138.png,database\Limau
database\Limau\image_139.png,database\Limau
database\Limau\image_14.png,database\Limau
database\Limau\image_140.png,database\Limau
database\Limau\image_141.png,database\Limau
database\Limau\image_142.png,database\Limau
database\Limau\image_143.png,database\Limau
database\Limau\image_144.png,database\Limau
database\Limau\image_145.png,database\Limau
database\Limau\image_146.png,database\Limau
database\Limau\image_147.png,database\Limau
database\Limau\image_148.png,database\Limau
database\Limau\image_149.png,database\Limau
database\Limau\image_15.png,database\Limau
database\Limau\image_150.png,database\Limau
database\Limau\image_151.png,database\Limau
database\Limau\image_152.png,database\Limau
database\Limau\image_153.png,database\Limau
database\Limau\image_154.png,database\Limau
database\Limau\image_155.png,database\Limau
database\Limau\image_156.png,database\Limau
database\Limau\image_157.png,database\Limau
database\Limau\image_158.png,database\Limau
database\Limau\image_159.png,database\Limau
database\Limau\image_16.png,database\Limau
database\Limau\image_160.png,database\Limau
database\Limau\image_161.png,database\Limau
database\Limau\image_162.png,database\Limau
database\Limau\image_163.png,database\Limau
database\Limau\image_164.png,database\Limau
database\Limau\image_165.png,database\Limau
database\Limau\image_166.png,database\Limau
database\Limau\image_167.png,database\Limau
database\Limau\image_168.png,database\Limau
database\Limau\image_169.png,database\Limau
database\Limau\image_17.png,database\Limau
database\Limau\image_170.png,database\Limau
database\Limau\image_171.png,database\Limau
database\Limau\image_172.png,database\Limau
database\Limau\image_173.png,database\Limau
database\Limau\image_174.png,database\Limau
database\Limau\image_175.png,database\Limau
database\Limau\image_176.png,database\Limau
database\Limau\image_177.png,database\Limau
database\Limau\image_178.png,database\Limau
database\Limau\image_179.png,database\Limau
database\Limau\image_18.png,database\Limau
database\Limau\image_180.png,database\Limau
database\Limau\image_181.png,database\Limau
database\Limau\image_182.png,database\Limau
database\Limau\image_183.png,database\Limau
database\Limau\image_184.png,database\Limau
database\Limau\image_185.png,database\Limau
database\Limau\image_186.png,database\Limau
database\Limau\image_187.png,database\Limau
database\Limau\image_188.png,database\Limau
database\Limau\image_189.png,database\Limau
database\Limau\image_19.png,database\Limau
database\Limau\image_190.png,database\Limau
database\Limau\image_191.png,database\Limau
database\Limau\image_192.png,database\Limau
database\Limau\image_193.png,database\Limau
database\Limau\image_194.png,database\Limau
database\Limau\image_195.png,database\Limau
database\Limau\image_196.png,database\Limau
database\Limau\image_197.png,database\Limau
database\Limau\image_198.png,database\Limau
database\Limau\image_199.png,database\Limau
database\Limau\image_2.png,database\Limau
database\Limau\image_20.png,database\Limau
database\Limau\image_200.png,database\Limau
database\Limau\image_201.png,database\Limau
database\Limau\image_202.png,database\Limau
database\Limau\image_203.png,database\Limau
database\Limau\image_204.png,database\Limau
database\Limau\image_205.png,database\Limau
database\Limau\image_206.png,database\Limau
database\Limau\image_207.png,database\Limau
database\Limau\image_208.png,database\Limau
database\Limau\image_209.png,database\Limau
database\Limau\image_21.png,database\Limau
database\Limau\image_210.png,database\Limau
database\Limau\image_211.png,database\Limau
database\Limau\image_212.png,database\Limau
database\Limau\image_213.png,database\Limau
database\Limau\image_214.png,database\Limau
database\Limau\image_215.png,database\Limau
database\Limau\image_216.png,database\Limau
database\Limau\image_217.png,database\Limau
database\Limau\image_218.png,database\Limau
database\Limau\image_219.png,database\Limau
database\Limau\image_22.png,database\Limau
database\Limau\image_220.png,database\Limau
database\Limau\image_221.png,database\Limau
database\Limau\image_222.png,database\Limau
database\Limau\image_223.png,database\Limau
database\Limau\image_224.png,database\Limau
database\Limau\image_225.png,database\Limau
database\Limau\image_226.png,database\Limau
database\Limau\image_227.png,database\Limau
database\Limau\image_228.png,database\Limau
database\Limau\image_229.png,database\Limau
database\Limau\image_23.png,database\Limau
database\Limau\image_230.png,database\Limau
database\Limau\image_231.png,database\Limau
database\Limau\image_232.png,database\Limau
database\Limau\image_233.png,database\Limau
database\Limau\image_234.png,database\Limau
database\Limau\image_235.png,database\Limau
database\Limau\image_236.png,database\Limau
database\Limau\image_237.png,database\Limau
database\Limau\image_238.png,database\Limau
database\Limau\image_239.png,database\Limau
database\Limau\image_24.png,database\Limau
database\Limau\image_240.png,database\Limau
database\Limau\image_241.png,database\Limau
database\Limau\image_242.png,database\Limau
database\Limau\image_243.png,database\Limau
database\Limau\image_244.png,database\Limau
database\Limau\image_245.png,database\Limau
database\Limau\image_246.png,database\Limau
database\Limau\image_247.png,database\Limau
database\Limau\image_248.png,database\Limau
database\Limau\image_249.png,database\Limau
database\Limau\image_25.png,database\Limau
database\Limau\image_26.png,database\Limau
database\Limau\image_27.png,database\Limau
database\Limau\image_28.png,database\Limau
database\Limau\image_29.png,database\Limau
database\Limau\image_3.png,database\Limau
database\Limau\image_30.png,database\Limau
database\Limau\image_31.png,database\Limau
database\Limau\image_32.png,database\Limau
database\Limau\image_33.png,database\Limau
database\Limau\image_34.png,database\Limau
database\Limau\image_35.png,database\Limau
database\Limau\image_36.png,database\Limau
database\Limau\image_37.png,database\Limau
database\Limau\image_38.png,database\Limau
database\Limau\image_39.png,database\Limau
database\Limau\image_4.png,database\Limau
database\Limau\image_40.png,database\Limau
database\Limau\image_41.png,database\Limau
database\Limau\image_42.png,database\Limau
database\Limau\image_43.png,database\Limau
database\Limau\image_44.png,database\Limau
database\Limau\image_45.png,database\Limau
database\Limau\image_46.png,database\Limau
database\Limau\image_47.png,database\Limau
database\Limau\image_48.png,database\Limau
database\Limau\image_49.png,database\Limau
database\Limau\image_5.png,database\Limau
database\Limau\image_50.png,database\Limau
database\Limau\image_51.png,database\Limau
database\Limau\image_52.png,database\Limau
database\Limau\image_53.png,database\Limau
database\Limau\image_54.png,database\Limau
database\Limau\image_55.png,database\Limau
database\Limau\image_56.png,database\Limau
database\Limau\image_57.png,database\Limau
database\Limau\image_58.png,database\Limau
database\Limau\image_59.png,database\Limau
database\Limau\image_6.png,database\Limau
database\Limau\image_60.png,database\Limau
database\Limau\image_61.png,database\Limau
database\Limau\image_62.png,database\Limau
database\Limau\image_63.png,database\Limau
database\Limau\image_64.png,database\Limau
database\Limau\image_65.png,database\Limau
database\Limau\image_66.png,database\Limau
database\Limau\image_67.png,database\Limau
database\Limau\image_68.png,database\Limau
database\Limau\image_69.png,database\Limau
database\Limau\image_7.png,database\Limau
database\Limau\image_70.png,database\Limau
database\Limau\image_71.png,database\Limau
database\Limau\image_72.png,database\Limau
database\Limau\image_73.png,database\Limau
database\Limau\image_74.png,database\Limau
database\Limau\image_75.png,database\Limau
database\Limau\image_76.png,database\Limau
database\Limau\image_77.png,database\Limau
database\Limau\image_78.png,database\Limau
database\Limau\image_79.png,database\Limau
database\Limau\image_8.png,database\Limau
database\Limau\image_80.png,database\Limau
database\Limau\image_81.png,database\Limau
database\Limau\image_82.png,database\Limau
database\Limau\image_83.png,database\Limau
database\Limau\image_84.png,database\Limau
database\Limau\image_85.png,database\Limau
database\Limau\image_86.png,database\Limau
database\Limau\image_87.png,database\Limau
database\Limau\image_88.png,database\Limau
database\Limau\image_89.png,database\Limau
database\Limau\image_9.png,database\Limau
database\Limau\image_90.png,database\Limau
database\Limau\image_91.png,database\Limau
database\Limau\image_92.png,database\Limau
database\Limau\image_93.png,database\Limau
database\Limau\image_94.png,database\Limau
database\Limau\image_95.png,database\Limau
database\Limau\image_96.png,database\Limau
database\Limau\image_97.png,database\Limau
database\Limau\image_98.png,database\Limau
database\Limau\image_99.png,database\Limau
database\Sirap\2Q__ (1).jpg,database\Sirap
database\Sirap\2Q__ (1)1.jpg,database\Sirap
database\Sirap\2Q__ (2).jpg,database\Sirap
database\Sirap\2Q__ (2)1.jpg,database\Sirap
database\Sirap\2Q__ (3).jpg,database\Sirap
database\Sirap\2Q__ (3)1.jpg,database\Sirap
database\Sirap\2Q__ (4).jpg,database\Sirap
database\Sirap\2Q__ (4)1.jpg,database\Sirap
database\Sirap\2Q__ (5).jpg,database\Sirap
database\Sirap\2Q__ (5)1.jpg,database\Sirap
database\Sirap\2Q__ (6).jpg,database\Sirap
database\Sirap\2Q__ (6)1.jpg,database\Sirap
database\Sirap\2Q__.jpg,database\Sirap
database\Sirap\2Q__1.jpg,database\Sirap
database\Sirap\9k_ (1).jpg,database\Sirap
database\Sirap\9k_ (1)1.jpg,database\Sirap
database\Sirap\9k_ (10).jpg,database\Sirap
database\Sirap\9k_ (10)1.jpg,database\Sirap
database\Sirap\9k_ (2).jpg,database\Sirap
database\Sirap\9k_ (2)1.jpg,database\Sirap
database\Sirap\9k_ (3).jpg,database\Sirap
database\Sirap\9k_ (3)1.jpg,database\Sirap
database\Sirap\9k_ (4).jpg,database\Sirap
database\Sirap\9k_ (4)1.jpg,database\Sirap
database\Sirap\9k_ (5).jpg,database\Sirap
database\Sirap\9k_ (5)1.jpg,database\Sirap
database\Sirap\9k_ (6).jpg,database\Sirap
database\Sirap\9k_ (6)1.jpg,database\Sirap
database\Sirap\9k_ (7).jpg,database\Sirap
database\Sirap\9k_ (7)1.jpg,database\Sirap
database\Sirap\9k_ (8).jpg,database\Sirap
database\Sirap\9k_ (8)1.jpg,database\Sirap
database\Sirap\9k_ (9).jpg,database\Sirap
database\Sirap\9k_ (9)1.jpg,database\Sirap
database\Sirap\9k_.jpg,database\Sirap
database\Sirap\9k_1.jpg,database\Sirap
database\Sirap\images (1).jpg,database\Sirap
database\Sirap\images (1)1.jpg,database\Sirap
database\Sirap\images (10).jpg,database\Sirap
database\Sirap\images (10)1.jpg,database\Sirap
database\Sirap\images (100).jpg,database\Sirap
database\Sirap\images (100)1.jpg,database\Sirap
database\Sirap\images (101).jpg,database\Sirap
database\Sirap\images (11).jpg,database\Sirap
database\Sirap\images (11)1.jpg,database\Sirap
database\Sirap\images (12).jpg,database\Sirap
database\Sirap\images (12)1.jpg,database\Sirap
database\Sirap\images (13).jpg,database\Sirap
database\Sirap\images (13)1.jpg,database\Sirap
database\Sirap\images (14).jpg,database\Sirap
database\Sirap\images (14)1.jpg,database\Sirap
database\Sirap\images (15).jpg,database\Sirap
database\Sirap\images (15)1.jpg,database\Sirap
database\Sirap\images (16).jpg,database\Sirap
database\Sirap\images (16)1.jpg,database\Sirap
database\Sirap\images (17).jpg,database\Sirap
database\Sirap\images (17)1.jpg,database\Sirap
database\Sirap\images (18).jpg,database\Sirap
database\Sirap\images (18)1.jpg,database\Sirap
database\Sirap\images (19).jpg,database\Sirap
database\Sirap\images (19)1.jpg,database\Sirap
database\Sirap\images (2).jpg,database\Sirap
database\Sirap\images (2)1.jpg,database\Sirap
database\Sirap\images (20).jpg,database\Sirap
database\Sirap\images (20)1.jpg,database\Sirap
database\Sirap\images (21).jpg,database\Sirap
database\Sirap\images (21)1.jpg,database\Sirap
database\Sirap\images (22).jpg,database\Sirap
database\Sirap\images (22)1.jpg,database\Sirap
database\Sirap\images (23).jpg,database\Sirap
database\Sirap\images (23)1.jpg,database\Sirap
database\Sirap\images (24).jpg,database\Sirap
database\Sirap\images (24)1.jpg,database\Sirap
database\Sirap\images (25).jpg,database\Sirap
database\Sirap\images (25)1.jpg,database\Sirap
database\Sirap\images (26).jpg,database\Sirap
database\Sirap\images (26)1.jpg,database\Sirap
database\Sirap\images (27).jpg,database\Sirap
database\Sirap\images (27)1.jpg,database\Sirap
database\Sirap\images (28).jpg,database\Sirap
database\Sirap\images (28)1.jpg,database\Sirap
database\Sirap\images (29).jpg,database\Sirap
database\Sirap\images (29)1.jpg,database\Sirap
database\Sirap\images (3).jpg,database\Sirap
database\Sirap\images (3)1.jpg,database\Sirap
database\Sirap\images (30).jpg,database\Sirap
database\Sirap\images (30)1.jpg,database\Sirap
database\Sirap\images (31).jpg,database\Sirap
database\Sirap\images (31)1.jpg,database\Sirap
database\Sirap\images (32).jpg,database\Sirap
database\Sirap\images (32)1.jpg,database\Sirap
database\Sirap\images (33).jpg,database\Sirap
database\Sirap\images (33)1.jpg,database\Sirap
database\Sirap\images (34).jpg,database\Sirap
database\Sirap\images (34)1.jpg,database\Sirap
database\Sirap\images (35).jpg,database\Sirap
database\Sirap\images (35)1.jpg,database\Sirap
database\Sirap\images (36).jpg,database\Sirap
database\Sirap\images (36)1.jpg,database\Sirap
database\Sirap\images (37).jpg,database\Sirap
database\Sirap\images (37)1.jpg,database\Sirap
database\Sirap\images (38).jpg,database\Sirap
database\Sirap\images (38)1.jpg,database\Sirap
database\Sirap\images (39).jpg,database\Sirap
database\Sirap\images (39)1.jpg,database\Sirap
database\Sirap\images (4).jpg,database\Sirap
database\Sirap\images (4)1.jpg,database\Sirap
database\Sirap\images (40).jpg,database\Sirap
database\Sirap\images (40)1.jpg,database\Sirap
database\Sirap\images (41).jpg,database\Sirap
database\Sirap\images (41)1.jpg,database\Sirap
database\Sirap\images (42).jpg,database\Sirap
database\Sirap\images (42)1.jpg,database\Sirap
database\Sirap\images (43).jpg,database\Sirap
database\Sirap\images (43)1.jpg,database\Sirap
database\Sirap\images (44).jpg,database\Sirap
database\Sirap\images (44)1.jpg,database\Sirap
database\Sirap\images (45).jpg,database\Sirap
database\Sirap\images (45)1.jpg,database\Sirap
database\Sirap\images (46).jpg,database\Sirap
database\Sirap\images (46)1.jpg,database\Sirap
database\Sirap\images (47).jpg,database\Sirap
database\Sirap\images (47)1.jpg,database\Sirap
database\Sirap\images (48).jpg,database\Sirap
database\Sirap\images (48)1.jpg,database\Sirap
database\Sirap\images (49).jpg,database\Sirap
database\Sirap\images (49)1.jpg,database\Sirap
database\Sirap\images (5).jpg,database\Sirap
database\Sirap\images (5)1.jpg,database\Sirap
database\Sirap\images (50).jpg,database\Sirap
database\Sirap\images (50)1.jpg,database\Sirap
database\Sirap\images (51).jpg,database\Sirap
database\Sirap\images (51)1.jpg,database\Sirap
database\Sirap\images (52).jpg,database\Sirap
database\Sirap\images (52)1.jpg,database\Sirap
database\Sirap\images (53).jpg,database\Sirap
database\Sirap\images (53)1.jpg,database\Sirap
database\Sirap\images (54).jpg,database\Sirap
database\Sirap\images (54)1.jpg,database\Sirap
database\Sirap\images (55).jpg,database\Sirap
database\Sirap\images (55)1.jpg,database\Sirap
database\Sirap\images (56).jpg,database\Sirap
database\Sirap\images (56)1.jpg,database\Sirap
database\Sirap\images (57).jpg,database\Sirap
database\Sirap\images (57)1.jpg,database\Sirap
database\Sirap\images (58).jpg,database\Sirap
database\Sirap\images (58)1.jpg,database\Sirap
database\Sirap\images (59).jpg,database\Sirap
database\Sirap\images (59)1.jpg,database\Sirap
database\Sirap\images (6).jpg,database\Sirap
database\Sirap\images (6)1.jpg,database\Sirap
database\Sirap\images (60).jpg,database\Sirap
database\Sirap\images (60)1.jpg,database\Sirap
database\Sirap\images (61).jpg,database\Sirap
database\Sirap\images (61)1.jpg,database\Sirap
database\Sirap\images (62).jpg,database\Sirap
database\Sirap\images (62)1.jpg,database\Sirap
database\Sirap\images (63).jpg,database\Sirap
database\Sirap\images (63)1.jpg,database\Sirap
database\Sirap\images (64).jpg,database\Sirap
database\Sirap\images (64)1.jpg,database\Sirap
database\Sirap\images (65).jpg,database\Sirap
database\Sirap\images (65)1.jpg,database\Sirap
database\Sirap\images (66).jpg,database\Sirap
database\Sirap\images (66)1.jpg,database\Sirap
database\Sirap\images (67).jpg,database\Sirap
database\Sirap\images (67)1.jpg,database\Sirap
database\Sirap\images (68).jpg,database\Sirap
database\Sirap\images (68)1.jpg,database\Sirap
database\Sirap\images (69).jpg,database\Sirap
database\Sirap\images (69)1.jpg,database\Sirap
database\Sirap\images (7).jpg,database\Sirap
database\Sirap\images (7)1.jpg,database\Sirap
database\Sirap\images (70).jpg,database\Sirap
database\Sirap\images (70)1.jpg,database\Sirap
database\Sirap\images (71).jpg,database\Sirap
database\Sirap\images (71)1.jpg,database\Sirap
database\Sirap\images (72).jpg,database\Sirap
database\Sirap\images (72)1.jpg,database\Sirap
database\Sirap\images (73).jpg,database\Sirap
database\Sirap\images (73)1.jpg,database\Sirap
database\Sirap\images (74).jpg,database\Sirap
database\Sirap\images (74)1.jpg,database\Sirap
database\Sirap\images (75).jpg,database\Sirap
database\Sirap\images (75)1.jpg,database\Sirap
database\Sirap\images (76).jpg,database\Sirap
database\Sirap\images (76)1.jpg,database\Sirap
database\Sirap\images (77).jpg,database\Sirap
database\Sirap\images (77)1.jpg,database\Sirap
database\Sirap\images (78).jpg,database\Sirap
database\Sirap\images (78)1.jpg,database\Sirap
database\Sirap\images (79).jpg,database\Sirap
database\Sirap\images (79)1.jpg,database\Sirap
database\Sirap\images (8).jpg,database\Sirap
database\Sirap\images (8)1.jpg,database\Sirap
database\Sirap\images (80).jpg,database\Sirap
database\Sirap\images (80)1.jpg,database\Sirap
database\Sirap\images (81).jpg,database\Sirap
database\Sirap\images (81)1.jpg,database\Sirap
database\Sirap\images (82).jpg,database\Sirap
database\Sirap\images (82)1.jpg,database\Sirap
database\Sirap\images (83).jpg,database\Sirap
database\Sirap\images (83)1.jpg,database\Sirap
database\Sirap\images (84).jpg,database\Sirap
database\Sirap\images (84)1.jpg,database\Sirap
database\Sirap\images (85).jpg,database\Sirap
database\Sirap\images (85)1.jpg,database\Sirap
database\Sirap\images (86).jpg,database\Sirap
database\Sirap\images (86)1.jpg,database\Sirap
database\Sirap\images (87).jpg,database\Sirap
database\Sirap\images (87)1.jpg,database\Sirap
database\Sirap\images (88).jpg,database\Sirap
database\Sirap\images (88)1.jpg,database\Sirap
database\Sirap\images (89).jpg,database\Sirap
database\Sirap\images (89)1.jpg,database\Sirap
database\Sirap\images (9).jpg,database\Sirap
database\Sirap\images (9)1.jpg,database\Sirap
database\Sirap\images (90).jpg,database\Sirap
database\Sirap\images (90)1.jpg,database\Sirap
database\Sirap\images (91).jpg,database\Sirap
database\Sirap\images (91)1.jpg,database\Sirap
database\Sirap\images (92).jpg,database\Sirap
database\Sirap\images (92)1.jpg,database\Sirap
database\Sirap\images (93).jpg,database\Sirap
database\Sirap\images (93)1.jpg,database\Sirap
database\Sirap\images (94).jpg,database\Sirap
database\Sirap\images (94)1.jpg,database\Sirap
database\Sirap\images (95).jpg,database\Sirap
database\Sirap\images (95)1.jpg,database\Sirap
database\Sirap\images (96).jpg,database\Sirap
database\Sirap\images (96)1.jpg,database\Sirap
database\Sirap\images (97).jpg,database\Sirap
database\Sirap\images (97)1.jpg,database\Sirap
database\Sirap\images (98).jpg,database\Sirap
database\Sirap\images (98)1.jpg,database\Sirap
database\Sirap\images (99).jpg,database\Sirap
database\Sirap\images (99)1.jpg,database\Sirap
database\Sirap\images - 2022-06-11T030557.661.jpg,database\Sirap
database\Sirap\images - 2022-06-11T030557.6611.jpg,database\Sirap
database\Sirap\images - 2022-06-11T030558.060.jpg,database\Sirap
database\Sirap\images - 2022-06-11T030558.0601.jpg,database\Sirap
database\Sirap\images - 2022-06-11T030558.061.jpg,database\Sirap
database\Sirap\images - 2022-06-11T030558.0611.jpg,database\Sirap
database\Sirap\images - 2022-06-11T030558.758.jpg,database\Sirap
database\Sirap\images - 2022-06-11T030558.7581.jpg,database\Sirap
database\Sirap\images - 2022-06-11T030558.822.jpg,database\Sirap
database\Sirap\images - 2022-06-11T030558.8221.jpg,database\Sirap
database\Sirap\images - 2022-06-11T030558.853.jpg,database\Sirap
database\Sirap\images - 2022-06-11T030558.8531.jpg,database\Sirap
database\Sirap\images - 2022-06-11T030559.025.jpg,database\Sirap
database\Sirap\images - 2022-06-11T030559.0251.jpg,database\Sirap
database\Sirap\images - 2022-06-11T030559.027.jpg,database\Sirap
database\Sirap\images - 2022-06-11T030559.0271.jpg,database\Sirap
database\Sirap\images - 2022-06-11T030559.345.jpg,database\Sirap
database\Sirap\images - 2022-06-11T030559.3451.jpg,database\Sirap
database\Sirap\images - 2022-06-11T030559.614.jpg,database\Sirap
database\Sirap\images - 2022-06-11T030559.6141.jpg,database\Sirap
database\Sirap\images - 2022-06-11T030559.769.jpg,database\Sirap
database\Sirap\images - 2022-06-11T030559.7691.jpg,database\Sirap
database\Sirap\images - 2022-06-11T030600.025.jpg,database\Sirap
database\Sirap\images - 2022-06-11T030600.0251.jpg,database\Sirap
database\Sirap\images - 2022-06-11T030600.062.jpg,database\Sirap
database\Sirap\images - 2022-06-11T030600.0621.jpg,database\Sirap
database\Sirap\images - 2022-06-11T030600.212.jpg,database\Sirap
database\Sirap\images - 2022-06-11T030600.2121.jpg,database\Sirap
database\Sirap\images - 2022-06-11T030600.446.jpg,database\Sirap
database\Sirap\images - 2022-06-11T030600.4461.jpg,database\Sirap
database\Sirap\images - 2022-06-11T030600.612.jpg,database\Sirap
database\Sirap\images - 2022-06-11T030600.6121.jpg,database\Sirap
database\Sirap\images - 2022-06-11T030600.895.jpg,database\Sirap
database\Sirap\images - 2022-06-11T030600.8951.jpg,database\Sirap
database\Sirap\images - 2022-06-11T030600.908.jpg,database\Sirap
database\Sirap\images - 2022-06-11T030600.9081.jpg,database\Sirap
database\Sirap\images - 2022-06-11T030600.921.jpg,database\Sirap
database\Sirap\images - 2022-06-11T030600.9211.jpg,database\Sirap
database\Sirap\images - 2022-06-11T030601.193.jpg,database\Sirap
database\Sirap\images - 2022-06-11T030601.1931.jpg,database\Sirap
database\Sirap\images(101).jpg,database\Sirap
database\Sirap\images(101)1.jpg,database\Sirap
database\Sirap\images(102).jpg,database\Sirap
database\Sirap\images(102)1.jpg,database\Sirap
database\Sirap\images(103).jpg,database\Sirap
database\Sirap\images(103)1.jpg,database\Sirap
database\Sirap\images(104).jpg,database\Sirap
database\Sirap\images(104)1.jpg,database\Sirap
database\Sirap\images(105).jpg,database\Sirap
database\Sirap\images(105)1.jpg,database\Sirap
database\Sirap\images1.jpg,database\Sirap
database\Sirap\Z (1).jpg,database\Sirap
database\Sirap\Z (1)1.jpg,database\Sirap
database\Sirap\Z (2).jpg,database\Sirap
database\Sirap\Z (2)1.jpg,database\Sirap
database\Sirap\Z (3).jpg,database\Sirap
database\Sirap\Z (3)1.jpg,database\Sirap
database\Sirap\Z (4).jpg,database\Sirap
database\Sirap\Z (4)1.jpg,database\Sirap
database\Sirap\Z (5).jpg,database\Sirap
database\Sirap\Z (5)1.jpg,database\Sirap
database\Sirap\Z.jpg,database\Sirap
database\Sirap\Z1.jpg,database\Sirap
database\Teh\0022005754851317_b.jpeg,database\Teh
database\Teh\00f4d92c-138c-11eb-8b94-246e9609f010.jpeg,database\Teh
database\Teh\00PQA4CACE49302B36782Bpx.jpeg,database\Teh
database\Teh\01-1-1.jpeg,database\Teh
database\Teh\028532600_1509605520-Mana-yang-Lebih-Baik_-Teh-Tubruk-atau-Teh-Celup.jpeg,database\Teh
database\Teh\04MKIV9C579C06E86ED5E1px.jpeg,database\Teh
database\Teh\092352400_1623818251-Teh-Penderita-Diabetes.jpeg,database\Teh
database\Teh\0e93c879a8950c1969cdbe880b7bbacf.jpeg,database\Teh
database\Teh\110202734_gsVJ1F5qoT-CUx3gPkMOh5afedB6hK55YUVkxwc9ycQ.jpeg,database\Teh
database\Teh\1200_TehTarikRecipe_AuthenticFoodQuest.jpeg,database\Teh
database\Teh\13-Teh-Terik-1200x800.jpeg,database\Teh
database\Teh\136.jpeg,database\Teh
database\Teh\1598086603QrxjVlZGCD.jpeg,database\Teh
database\Teh\2015-10-18-09-49-09.jpeg,database\Teh
database\Teh\24267296-ホットミルク-ティー.webp,database\Teh
database\Teh\250.jpeg,database\Teh
database\Teh\27882903-two-cups-of-hot-milk-tea.webp,database\Teh
database\Teh\29108735.png,database\Teh
database\Teh\300.jpeg,database\Teh
database\Teh\33285266.jpeg,database\Teh
database\Teh\360_F_106147605_xmXfzxpraUtLQZkwTYWhjIJc0dkBkN8Y.jpeg,database\Teh
database\Teh\360_F_107603111_EgqoHdWAnEkhdbxi9DxGoucJF8iFvawz.jpeg,database\Teh
database\Teh\360_F_114290636_cgs2Ar8JacznGKbfpTH8G36Z4uCOkGGD.jpeg,database\Teh
database\Teh\360_F_308984218_RU2D3YLbC21PFf6QxIuWvTLzY82czTaH.jpeg,database\Teh
database\Teh\3901895335_0b78c6d737_b.jpeg,database\Teh
database\Teh\41894345445_10d0edd1e8_h.jpeg,database\Teh
database\Teh\42913268-hot-milk-tea-in-cup-on-white-background.webp,database\Teh
database\Teh\48889646396_637bd3f093_b.jpeg,database\Teh
database\Teh\5292.webp,database\Teh
database\Teh\556829767.jpeg,database\Teh
database\Teh\59209659.jpeg,database\Teh
database\Teh\5cf1818b060f4570abfcaa85_cut_800x500_7.webp,database\Teh
database\Teh\5ef7067d-3e43-4fa8-9e17-1c612c147950-retina-large.jpeg,database\Teh
database\Teh\6-1.jpeg,database\Teh
database\Teh\7321066254_2067a816c0_b.jpeg,database\Teh
database\Teh\779E4276-EE90-4E45-8D90-75C4C19AAB86.jpeg,database\Teh
database\Teh\914d9_teh-tarik.jpeg,database\Teh
database\Teh\ALL129538-1.jpeg,database\Teh
database\Teh\alt-59c4207ecf106-4287-6e852c75b71c74a47499daa3d6a7396d@1x.jpeg,database\Teh
database\Teh\anda-tim-mana-teh-celup-atau-teh-tubruk-ketahui-plus-minus-nya-Vd0epOzi56.jpeg,database\Teh
database\Teh\A_cup_of_tea_in_West_Bengal.jpeg,database\Teh
database\Teh\Benefits-Of-Tea.webp,database\Teh
database\Teh\black-5395676_768.jpeg,database\Teh
database\Teh\Black-Tea-1.jpeg,database\Teh
database\Teh\black-tea-cover-1.jpeg,database\Teh
database\Teh\black-tea-encourages-weight-loss_650x400_51507196055.webp,database\Teh
database\Teh\black-tea-weight-loss.jpeg,database\Teh
database\Teh\Black-Tea.jpeg,database\Teh
database\Teh\BlogHowToBrew_800x.webp,database\Teh
database\Teh\caption.jpeg,database\Teh
database\Teh\cawan-teh.jpeg,database\Teh
database\Teh\chin-mee-chin-confectionery.jpeg,database\Teh
database\Teh\ckok-hero.jpeg,database\Teh
database\Teh\cup-aromatic-tea-milk-on-260nw-1072313357.webp,database\Teh
database\Teh\cup-black-tea-milk-on-260nw-1153539214.webp,database\Teh
database\Teh\cup-traditional-hot-tea-presentation-260nw-1445727881 (1).webp,database\Teh
database\Teh\cup-traditional-hot-tea-presentation-260nw-1445727881 (2).webp,database\Teh
database\Teh\D5aImwHB-7216-5412-150x150.jpeg,database\Teh
database\Teh\d6806eb751e4cb74b53039e627e7cab6.jpeg,database\Teh
database\Teh\d7ebdc86f012af9cf4d5a0a37d9e3342.jpeg,database\Teh
database\Teh\da9bd602-c262-41c7-a814-e6c92d0cfdbf_169.jpeg,database\Teh
database\Teh\delicious-organic-milk-tea-chai-indian-cuisine-healthy-refreshing-drinks-vintage-style-tasty-hot-milk-tea-old-glass-155783341.jpeg,database\Teh
database\Teh\different-types-of-tea-FT-BLOG0621.jpeg,database\Teh
database\Teh\dk5dEcQD_400x400.jpeg,database\Teh
database\Teh\download (1).jpeg,database\Teh
database\Teh\download (10).jpeg,database\Teh
database\Teh\download (11).jpeg,database\Teh
database\Teh\download (12).jpeg,database\Teh
database\Teh\download (13).jpeg,database\Teh
database\Teh\download (14).jpeg,database\Teh
database\Teh\download (15).jpeg,database\Teh
database\Teh\download (16).jpeg,database\Teh
database\Teh\download (17).jpeg,database\Teh
database\Teh\download (18).jpeg,database\Teh
database\Teh\download (19).jpeg,database\Teh
database\Teh\download (2).jpeg,database\Teh
database\Teh\download (3).jpeg,database\Teh
database\Teh\download (4).jpeg,database\Teh
database\Teh\download (5).jpeg,database\Teh
database\Teh\download (6).jpeg,database\Teh
database\Teh\download (7).jpeg,database\Teh
database\Teh\download (8).jpeg,database\Teh
database\Teh\download (9).jpeg,database\Teh
database\Teh\Dr Norman Minuman Pra Campuran Tea O Stevia 11-420x420.jpeg,database\Teh
database\Teh\DSC_3353-810x539.jpeg,database\Teh
database\Teh\esteh_ratio-16x9.jpeg,database\Teh
database\Teh\fe70f996-cdc3-4e4b-94af-4114011b0149.webp,database\Teh
database\Teh\featured_image.jpeg,database\Teh
database\Teh\file_74_1.jpeg,database\Teh
database\Teh\freshly-brewed-black-tea-glass-mug-popularly-known-as-teh-o-malaysia-55241404.jpeg,database\Teh
database\Teh\GettyImages-693893647-588d21e413dd411cb1f2b0a0ea3e02da.jpeg,database\Teh
database\Teh\HK4.jpeg,database\Teh
database\Teh\Hong-kong-milk-tea-recipe-using-leaves.jpeg,database\Teh
database\Teh\Hot-Milk-Tea-from-Senado-Market-Keong-Kei-Macau-Lifestyle-e1597149529708.jpeg,database\Teh
database\Teh\hot-milk-tea-isolated-white-background-83802689.jpeg,database\Teh
database\Teh\hot-milk-tea-isolated-white-background-84028565.jpeg,database\Teh
database\Teh\hot-milk-tea-white-cup-260nw-314791070.webp,database\Teh
database\Teh\hot-milk-tea-white-porcelain-260nw-444981112.webp,database\Teh
database\Teh\hot-tea-poured-into-3035354.jpeg,database\Teh
database\Teh\hot-tea.jpeg,database\Teh
database\Teh\Howtoordermydri-sabahbooking-1.jpeg,database\Teh
database\Teh\hqdefault.jpeg,database\Teh
database\Teh\image.jpeg,database\Teh
database\Teh\images (1).jpeg,database\Teh
database\Teh\images (10).jpeg,database\Teh
database\Teh\images (11).jpeg,database\Teh
database\Teh\images (12).jpeg,database\Teh
database\Teh\images (13).jpeg,database\Teh
database\Teh\images (14).jpeg,database\Teh
database\Teh\images (15).jpeg,database\Teh
database\Teh\images (16).jpeg,database\Teh
database\Teh\images (17).jpeg,database\Teh
database\Teh\images (18).jpeg,database\Teh
database\Teh\images (19).jpeg,database\Teh
database\Teh\images (2).jpeg,database\Teh
database\Teh\images (20).jpeg,database\Teh
database\Teh\images (21).jpeg,database\Teh
database\Teh\images (22).jpeg,database\Teh
database\Teh\images (23).jpeg,database\Teh
database\Teh\images (24).jpeg,database\Teh
database\Teh\images (25).jpeg,database\Teh
database\Teh\images (26).jpeg,database\Teh
database\Teh\images (27).jpeg,database\Teh
database\Teh\images (28).jpeg,database\Teh
database\Teh\images (29).jpeg,database\Teh
database\Teh\images (3).jpeg,database\Teh
database\Teh\images (30).jpeg,database\Teh
database\Teh\images (31).jpeg,database\Teh
database\Teh\images (32).jpeg,database\Teh
database\Teh\images (33).jpeg,database\Teh
database\Teh\images (34).jpeg,database\Teh
database\Teh\images (35).jpeg,database\Teh
database\Teh\images (36).jpeg,database\Teh
database\Teh\images (37).jpeg,database\Teh
database\Teh\images (38).jpeg,database\Teh
database\Teh\images (39).jpeg,database\Teh
database\Teh\images (4).jpeg,database\Teh
database\Teh\images (40).jpeg,database\Teh
database\Teh\images (41).jpeg,database\Teh
database\Teh\images (42).jpeg,database\Teh
database\Teh\images (43).jpeg,database\Teh
database\Teh\images (44).jpeg,database\Teh
database\Teh\images (45).jpeg,database\Teh
database\Teh\images (46).jpeg,database\Teh
database\Teh\images (47).jpeg,database\Teh
database\Teh\images (48).jpeg,database\Teh
database\Teh\images (49).jpeg,database\Teh
database\Teh\images (5).jpeg,database\Teh
database\Teh\images (50).jpeg,database\Teh
database\Teh\images (51).jpeg,database\Teh
database\Teh\images (52).jpeg,database\Teh
database\Teh\images (53).jpeg,database\Teh
database\Teh\images (54).jpeg,database\Teh
database\Teh\images (55).jpeg,database\Teh
database\Teh\images (56).jpeg,database\Teh
database\Teh\images (57).jpeg,database\Teh
database\Teh\images (58).jpeg,database\Teh
database\Teh\images (59).jpeg,database\Teh
database\Teh\images (6).jpeg,database\Teh
database\Teh\images (60).jpeg,database\Teh
database\Teh\images (61).jpeg,database\Teh
database\Teh\images (62).jpeg,database\Teh
database\Teh\images (63).jpeg,database\Teh
database\Teh\images (64).jpeg,database\Teh
database\Teh\images (65).jpeg,database\Teh
database\Teh\images (7).jpeg,database\Teh
database\Teh\images (8).jpeg,database\Teh
database\Teh\images (9).jpeg,database\Teh
database\Teh\img-4246-e1633682546713.jpeg,database\Teh
database\Teh\img.jpeg,database\Teh
database\Teh\IMG_20220529_194328.jpg,database\Teh
database\Teh\IMG_20220529_194331.jpg,database\Teh
database\Teh\IMG_20220608_221855.jpg,database\Teh
database\Teh\IMG_20220608_221858.jpg,database\Teh
database\Teh\IMG_2175-1.jpeg,database\Teh
database\Teh\IMG_7082-300x300.jpeg,database\Teh
database\Teh\istockphoto-1169873658-612x612.jpeg,database\Teh
database\Teh\istockphoto-1248245917-612x612.jpeg,database\Teh
database\Teh\istockphoto-1339493727-170667a.jpeg,database\Teh
database\Teh\istockphoto-880879684-612x612.jpeg,database\Teh
database\Teh\kantong-teh-celup.jpeg,database\Teh
database\Teh\Karak-Chai-6-320x321.webp,database\Teh
database\Teh\Kong-Sik-Nai-Cha-Hong-Kong-Style-Milk-Tea-2-of-4.webp,database\Teh
database\Teh\lan-fong-yuen-8490-1.jpeg,database\Teh
database\Teh\main-qimg-9cab679cb4254e3da03fe5a31d60c61a-lq.jpeg,database\Teh
database\Teh\malaysian-teh-tarik-22.jpeg,database\Teh
database\Teh\Malaysian_Coffee_Tea_KopiCham_600x400.jpeg,database\Teh
database\Teh\milk-cream-tea.webp,database\Teh
database\Teh\milk-tea-brown-sugar.jpeg,database\Teh
database\Teh\milk-tea-pot-dessert-on-260nw-414009811.webp,database\Teh
database\Teh\milk-tea-recipe.jpeg,database\Teh
database\Teh\milk-tea.jpeg,database\Teh
database\Teh\milktea1.webp,database\Teh
database\Teh\MilkTeaHota55495.webp,database\Teh
database\Teh\minuman-teh-kemasan-berpotensi-haram-ini-penjelasannya.jpeg,database\Teh
database\Teh\peppermint-tea-on-teacup-1417945.jpeg,database\Teh
database\Teh\qjqgzvgP1604394276-700x700.jpeg,database\Teh
database\Teh\R+-+Rooibos+Chai+(cup).jpeg,database\Teh
database\Teh\R02665_Hot_Milk_Tea.jpeg,database\Teh
database\Teh\Royal-Milk-Tea-4730-I.jpeg,database\Teh
database\Teh\secangkir-teh-sehari-membantu-menjauhkan-virus-corona-baru-eek.jpeg,database\Teh
database\Teh\side-effects-of-green-tea-due-to-caffeine.jpeg,database\Teh
database\Teh\Stir_TehTarikRecipe_AuthenticFoodQuest.jpeg,database\Teh
database\Teh\tak-cheong-noodle.jpeg,database\Teh
database\Teh\tea-a-beginners-guide.jpeg,database\Teh
database\Teh\tea-blog-image-1024x680.jpeg,database\Teh
database\Teh\tea-milk-popularly-known-as-teh-tarik-malaysia-55241337.jpeg,database\Teh
database\Teh\tea.jpeg,database\Teh
database\Teh\tea.webp,database\Teh
database\Teh\Teaaaa.jpeg,database\Teh
database\Teh\tec-o.png,database\Teh
database\Teh\teh (1).png,database\Teh
database\Teh\teh (2).png,database\Teh
database\Teh\teh o kosong.jpeg,database\Teh
database\Teh\Teh O.jpeg,database\Teh
database\Teh\teh-1.webp,database\Teh
database\Teh\Teh-C-Local-Drinks-and-How-Their-Names-Came-About.jpeg,database\Teh
database\Teh\teh-c-peng-special-malaysian-3-layer-tea-ft-1.jpeg,database\Teh
database\Teh\teh-c.9619b6e5.jpg,database\Teh
database\Teh\teh-c.jpeg,database\Teh
database\Teh\Teh-O-Hot-150x150.jpeg,database\Teh
database\Teh\teh-o-keras.jpeg,database\Teh
database\Teh\teh-o-panas-resipi-foto-utama.jpeg,database\Teh
database\Teh\teh-o-panas.webp,database\Teh
database\Teh\teh-o-without-milk-260nw-1260192715.webp,database\Teh
database\Teh\teh-o.jpeg,database\Teh
database\Teh\teh-o.webp,database\Teh
database\Teh\teh-si-siew-dai-2.jpeg,database\Teh
database\Teh\Teh-Tarik-1-819x1024.jpeg,database\Teh
database\Teh\teh-tarik-300x300.jpeg,database\Teh
database\Teh\teh-tarik-pulled-milk-tea-popular-drink-malaysia-all-occasions-130615734.jpeg,database\Teh
database\Teh\Teh.jpeg,database\Teh
database\Teh\teh2.jpeg,database\Teh
database\Teh\Teh3.jpeg,database\Teh
database\Teh\Teh5.jpeg,database\Teh
database\Teh\tehc.jpeg,database\Teh
database\Teh\tehhalia-e1606114346491.jpeg,database\Teh
database\Teh\tehtarik.webp,database\Teh
database\Teh\TehTarikfromMalaysia_AuthenticFoodQuest.jpeg,database\Teh
database\Teh\TehTarikSurprisingMalaysianDrink_AuthenticFoodQuest.jpeg,database\Teh
database\Teh\Teh_C_Peng.jpeg,database\Teh
database\Teh\teh_tarik_feature.jpeg,database\Teh
database\Teh\TELEMMGLPICT000169578515_trans_NvBQzQNjv4BqbTl4D02iCM3NuMfK2RT0HTjsyN2j3JnAYXPi059mk8g.jpeg,database\Teh
database\Teh\TT1.jpeg,database\Teh
database\Teh\types-of-tea-face.jpeg,database\Teh
database\Teh\Untitled-design-2020-01-23T134050.901.jpg,database\Teh
database\Teh\wKgBs1e5NeqAHXpZAACnCKFUmk033.jpeg,database\Teh
database\Teh\worldtea_teatype_black_tea_img1_1460x593-1382286.webp,database\Teh
database\Teh\yrybxi4snkbteb3jb0ku.webp,database\Teh
database\Teh\yuan_748492e76293b2fccfb2239262ca03b8.jpeg,database\Teh
database\Teh\_109288436_tea-milk-cookies.jpeg,database\Teh
database\Teh O Limau\image_0.png,database\Teh O Limau
database\Teh O Limau\image_1.png,database\Teh O Limau
database\Teh O Limau\image_10.png,database\Teh O Limau
database\Teh O Limau\image_100.png,database\Teh O Limau
database\Teh O Limau\image_101.png,database\Teh O Limau
database\Teh O Limau\image_102.png,database\Teh O Limau
database\Teh O Limau\image_103.png,database\Teh O Limau
database\Teh O Limau\image_104.png,database\Teh O Limau
database\Teh O Limau\image_105.png,database\Teh O Limau
database\Teh O Limau\image_106.png,database\Teh O Limau
database\Teh O Limau\image_107.png,database\Teh O Limau
database\Teh O Limau\image_108.png,database\Teh O Limau
database\Teh O Limau\image_109.png,database\Teh O Limau
database\Teh O Limau\image_11.png,database\Teh O Limau
database\Teh O Limau\image_110.png,database\Teh O Limau
database\Teh O Limau\image_111.png,database\Teh O Limau
database\Teh O Limau\image_112.png,database\Teh O Limau
database\Teh O Limau\image_113.png,database\Teh O Limau
database\Teh O Limau\image_114.png,database\Teh O Limau
database\Teh O Limau\image_115.png,database\Teh O Limau
database\Teh O Limau\image_116.png,database\Teh O Limau
database\Teh O Limau\image_117.png,database\Teh O Limau
database\Teh O Limau\image_118.png,database\Teh O Limau
database\Teh O Limau\image_119.png,database\Teh O Limau
database\Teh O Limau\image_12.png,database\Teh O Limau
database\Teh O Limau\image_120.png,database\Teh O Limau
database\Teh O Limau\image_121.png,database\Teh O Limau
database\Teh O Limau\image_122.png,database\Teh O Limau
database\Teh O Limau\image_123.png,database\Teh O Limau
database\Teh O Limau\image_124.png,database\Teh O Limau
database\Teh O Limau\image_125.png,database\Teh O Limau
database\Teh O Limau\image_126.png,database\Teh O Limau
database\Teh O Limau\image_127.png,database\Teh O Limau
database\Teh O Limau\image_128.png,database\Teh O Limau
database\Teh O Limau\image_129.png,database\Teh O Limau
database\Teh O Limau\image_13.png,database\Teh O Limau
database\Teh O Limau\image_130.png,database\Teh O Limau
database\Teh O Limau\image_131.png,database\Teh O Limau
database\Teh O Limau\image_132.png,database\Teh O Limau
database\Teh O Limau\image_133.png,database\Teh O Limau
database\Teh O Limau\image_134.png,database\Teh O Limau
database\Teh O Limau\image_135.png,database\Teh O Limau
database\Teh O Limau\image_136.png,database\Teh O Limau
database\Teh O Limau\image_137.png,database\Teh O Limau
database\Teh O Limau\image_138.png,database\Teh O Limau
database\Teh O Limau\image_139.png,database\Teh O Limau
database\Teh O Limau\image_14.png,database\Teh O Limau
database\Teh O Limau\image_140.png,database\Teh O Limau
database\Teh O Limau\image_141.png,database\Teh O Limau
database\Teh O Limau\image_142.png,database\Teh O Limau
database\Teh O Limau\image_143.png,database\Teh O Limau
database\Teh O Limau\image_144.png,database\Teh O Limau
database\Teh O Limau\image_145.png,database\Teh O Limau
database\Teh O Limau\image_146.png,database\Teh O Limau
database\Teh O Limau\image_147.png,database\Teh O Limau
database\Teh O Limau\image_148.png,database\Teh O Limau
database\Teh O Limau\image_149.png,database\Teh O Limau
database\Teh O Limau\image_15.png,database\Teh O Limau
database\Teh O Limau\image_150.png,database\Teh O Limau
database\Teh O Limau\image_151.png,database\Teh O Limau
database\Teh O Limau\image_152.png,database\Teh O Limau
database\Teh O Limau\image_153.png,database\Teh O Limau
database\Teh O Limau\image_154.png,database\Teh O Limau
database\Teh O Limau\image_155.png,database\Teh O Limau
database\Teh O Limau\image_156.png,database\Teh O Limau
database\Teh O Limau\image_157.png,database\Teh O Limau
database\Teh O Limau\image_158.png,database\Teh O Limau
database\Teh O Limau\image_159.png,database\Teh O Limau
database\Teh O Limau\image_16.png,database\Teh O Limau
database\Teh O Limau\image_160.png,database\Teh O Limau
database\Teh O Limau\image_161.png,database\Teh O Limau
database\Teh O Limau\image_162.png,database\Teh O Limau
database\Teh O Limau\image_163.png,database\Teh O Limau
database\Teh O Limau\image_164.png,database\Teh O Limau
database\Teh O Limau\image_165.png,database\Teh O Limau
database\Teh O Limau\image_166.png,database\Teh O Limau
database\Teh O Limau\image_167.png,database\Teh O Limau
database\Teh O Limau\image_168.png,database\Teh O Limau
database\Teh O Limau\image_169.png,database\Teh O Limau
database\Teh O Limau\image_17.png,database\Teh O Limau
database\Teh O Limau\image_170.png,database\Teh O Limau
database\Teh O Limau\image_171.png,database\Teh O Limau
database\Teh O Limau\image_172.png,database\Teh O Limau
database\Teh O Limau\image_173.png,database\Teh O Limau
database\Teh O Limau\image_174.png,database\Teh O Limau
database\Teh O Limau\image_175.png,database\Teh O Limau
database\Teh O Limau\image_176.png,database\Teh O Limau
database\Teh O Limau\image_177.png,database\Teh O Limau
database\Teh O Limau\image_178.png,database\Teh O Limau
database\Teh O Limau\image_179.png,database\Teh O Limau
database\Teh O Limau\image_18.png,database\Teh O Limau
database\Teh O Limau\image_180.png,database\Teh O Limau
database\Teh O Limau\image_181.png,database\Teh O Limau
database\Teh O Limau\image_182.png,database\Teh O Limau
database\Teh O Limau\image_183.png,database\Teh O Limau
database\Teh O Limau\image_184.png,database\Teh O Limau
database\Teh O Limau\image_185.png,database\Teh O Limau
database\Teh O Limau\image_186.png,database\Teh O Limau
database\Teh O Limau\image_187.png,database\Teh O Limau
database\Teh O Limau\image_188.png,database\Teh O Limau
database\Teh O Limau\image_189.png,database\Teh O Limau
database\Teh O Limau\image_19.png,database\Teh O Limau
database\Teh O Limau\image_190.png,database\Teh O Limau
database\Teh O Limau\image_191.png,database\Teh O Limau
database\Teh O Limau\image_192.png,database\Teh O Limau
database\Teh O Limau\image_193.png,database\Teh O Limau
database\Teh O Limau\image_194.png,database\Teh O Limau
database\Teh O Limau\image_195.png,database\Teh O Limau
database\Teh O Limau\image_196.png,database\Teh O Limau
database\Teh O Limau\image_197.png,database\Teh O Limau
database\Teh O Limau\image_198.png,database\Teh O Limau
database\Teh O Limau\image_199.png,database\Teh O Limau
database\Teh O Limau\image_2.png,database\Teh O Limau
database\Teh O Limau\image_20.png,database\Teh O Limau
database\Teh O Limau\image_200.png,database\Teh O Limau
database\Teh O Limau\image_201.png,database\Teh O Limau
database\Teh O Limau\image_202.png,database\Teh O Limau
database\Teh O Limau\image_203.png,database\Teh O Limau
database\Teh O Limau\image_204.png,database\Teh O Limau
database\Teh O Limau\image_205.png,database\Teh O Limau
database\Teh O Limau\image_206.png,database\Teh O Limau
database\Teh O Limau\image_207.png,database\Teh O Limau
database\Teh O Limau\image_208.png,database\Teh O Limau
database\Teh O Limau\image_209.png,database\Teh O Limau
database\Teh O Limau\image_21.png,database\Teh O Limau
database\Teh O Limau\image_210.png,database\Teh O Limau
database\Teh O Limau\image_211.png,database\Teh O Limau
database\Teh O Limau\image_212.png,database\Teh O Limau
database\Teh O Limau\image_213.png,database\Teh O Limau
database\Teh O Limau\image_214.png,database\Teh O Limau
database\Teh O Limau\image_215.png,database\Teh O Limau
database\Teh O Limau\image_216.png,database\Teh O Limau
database\Teh O Limau\image_217.png,database\Teh O Limau
database\Teh O Limau\image_218.png,database\Teh O Limau
database\Teh O Limau\image_219.png,database\Teh O Limau
database\Teh O Limau\image_22.png,database\Teh O Limau
database\Teh O Limau\image_220.png,database\Teh O Limau
database\Teh O Limau\image_221.png,database\Teh O Limau
database\Teh O Limau\image_222.png,database\Teh O Limau
database\Teh O Limau\image_223.png,database\Teh O Limau
database\Teh O Limau\image_224.png,database\Teh O Limau
database\Teh O Limau\image_225.png,database\Teh O Limau
database\Teh O Limau\image_226.png,database\Teh O Limau
database\Teh O Limau\image_227.png,database\Teh O Limau
database\Teh O Limau\image_228.png,database\Teh O Limau
database\Teh O Limau\image_229.png,database\Teh O Limau
database\Teh O Limau\image_23.png,database\Teh O Limau
database\Teh O Limau\image_230.png,database\Teh O Limau
database\Teh O Limau\image_231.png,database\Teh O Limau
database\Teh O Limau\image_232.png,database\Teh O Limau
database\Teh O Limau\image_233.png,database\Teh O Limau
database\Teh O Limau\image_234.png,database\Teh O Limau
database\Teh O Limau\image_235.png,database\Teh O Limau
database\Teh O Limau\image_236.png,database\Teh O Limau
database\Teh O Limau\image_237.png,database\Teh O Limau
database\Teh O Limau\image_238.png,database\Teh O Limau
database\Teh O Limau\image_239.png,database\Teh O Limau
database\Teh O Limau\image_24.png,database\Teh O Limau
database\Teh O Limau\image_240.png,database\Teh O Limau
database\Teh O Limau\image_241.png,database\Teh O Limau
database\Teh O Limau\image_242.png,database\Teh O Limau
database\Teh O Limau\image_243.png,database\Teh O Limau
database\Teh O Limau\image_244.png,database\Teh O Limau
database\Teh O Limau\image_245.png,database\Teh O Limau
database\Teh O Limau\image_246.png,database\Teh O Limau
database\Teh O Limau\image_247.png,database\Teh O Limau
database\Teh O Limau\image_248.png,database\Teh O Limau
database\Teh O Limau\image_249.png,database\Teh O Limau
database\Teh O Limau\image_25.png,database\Teh O Limau
database\Teh O Limau\image_26.png,database\Teh O Limau
database\Teh O Limau\image_27.png,database\Teh O Limau
database\Teh O Limau\image_28.png,database\Teh O Limau
database\Teh O Limau\image_29.png,database\Teh O Limau
database\Teh O Limau\image_3.png,database\Teh O Limau
database\Teh O Limau\image_30.png,database\Teh O Limau
database\Teh O Limau\image_31.png,database\Teh O Limau
database\Teh O Limau\image_32.png,database\Teh O Limau
database\Teh O Limau\image_33.png,database\Teh O Limau
database\Teh O Limau\image_34.png,database\Teh O Limau
database\Teh O Limau\image_35.png,database\Teh O Limau
database\Teh O Limau\image_36.png,database\Teh O Limau
database\Teh O Limau\image_37.png,database\Teh O Limau
database\Teh O Limau\image_38.png,database\Teh O Limau
database\Teh O Limau\image_39.png,database\Teh O Limau
database\Teh O Limau\image_4.png,database\Teh O Limau
database\Teh O Limau\image_40.png,database\Teh O Limau
database\Teh O Limau\image_41.png,database\Teh O Limau
database\Teh O Limau\image_42.png,database\Teh O Limau
database\Teh O Limau\image_43.png,database\Teh O Limau
database\Teh O Limau\image_44.png,database\Teh O Limau
database\Teh O Limau\image_45.png,database\Teh O Limau
database\Teh O Limau\image_46.png,database\Teh O Limau
database\Teh O Limau\image_47.png,database\Teh O Limau
database\Teh O Limau\image_48.png,database\Teh O Limau
database\Teh O Limau\image_49.png,database\Teh O Limau
database\Teh O Limau\image_5.png,database\Teh O Limau
database\Teh O Limau\image_50.png,database\Teh O Limau
database\Teh O Limau\image_51.png,database\Teh O Limau
database\Teh O Limau\image_52.png,database\Teh O Limau
database\Teh O Limau\image_53.png,database\Teh O Limau
database\Teh O Limau\image_54.png,database\Teh O Limau
database\Teh O Limau\image_55.png,database\Teh O Limau
database\Teh O Limau\image_56.png,database\Teh O Limau
database\Teh O Limau\image_57.png,database\Teh O Limau
database\Teh O Limau\image_58.png,database\Teh O Limau
database\Teh O Limau\image_59.png,database\Teh O Limau
database\Teh O Limau\image_6.png,database\Teh O Limau
database\Teh O Limau\image_60.png,database\Teh O Limau
database\Teh O Limau\image_61.png,database\Teh O Limau
database\Teh O Limau\image_62.png,database\Teh O Limau
database\Teh O Limau\image_63.png,database\Teh O Limau
database\Teh O Limau\image_64.png,database\Teh O Limau
database\Teh O Limau\image_65.png,database\Teh O Limau
database\Teh O Limau\image_66.png,database\Teh O Limau
database\Teh O Limau\image_67.png,database\Teh O Limau
database\Teh O Limau\image_68.png,database\Teh O Limau
database\Teh O Limau\image_69.png,database\Teh O Limau
database\Teh O Limau\image_7.png,database\Teh O Limau
database\Teh O Limau\image_70.png,database\Teh O Limau
database\Teh O Limau\image_71.png,database\Teh O Limau
database\Teh O Limau\image_72.png,database\Teh O Limau
database\Teh O Limau\image_73.png,database\Teh O Limau
database\Teh O Limau\image_74.png,database\Teh O Limau
database\Teh O Limau\image_75.png,database\Teh O Limau
database\Teh O Limau\image_76.png,database\Teh O Limau
database\Teh O Limau\image_77.png,database\Teh O Limau
database\Teh O Limau\image_78.png,database\Teh O Limau
database\Teh O Limau\image_79.png,database\Teh O Limau
database\Teh O Limau\image_8.png,database\Teh O Limau
database\Teh O Limau\image_80.png,database\Teh O Limau
database\Teh O Limau\image_81.png,database\Teh O Limau
database\Teh O Limau\image_82.png,database\Teh O Limau
database\Teh O Limau\image_83.png,database\Teh O Limau
database\Teh O Limau\image_84.png,database\Teh O Limau
database\Teh O Limau\image_85.png,database\Teh O Limau
database\Teh O Limau\image_86.png,database\Teh O Limau
database\Teh O Limau\image_87.png,database\Teh O Limau
database\Teh O Limau\image_88.png,database\Teh O Limau
database\Teh O Limau\image_89.png,database\Teh O Limau
database\Teh O Limau\image_9.png,database\Teh O Limau
database\Teh O Limau\image_90.png,database\Teh O Limau
database\Teh O Limau\image_91.png,database\Teh O Limau
database\Teh O Limau\image_92.png,database\Teh O Limau
database\Teh O Limau\image_93.png,database\Teh O Limau
database\Teh O Limau\image_94.png,database\Teh O Limau
database\Teh O Limau\image_95.png,database\Teh O Limau
database\Teh O Limau\image_96.png,database\Teh O Limau
database\Teh O Limau\image_97.png,database\Teh O Limau
database\Teh O Limau\image_98.png,database\Teh O Limau
database\Teh O Limau\image_99.png,database\Teh O Limau